Datetime,C1,C2,T (Â° F),water temperature,specific conductance,salinity,DO,pH,turbidity1,turbidity2
2018-12-04 12:44:00,1.556,2.205,51.1,6.3,44700,28.9,11.1,8.1,5.0,
2018-12-04 12:45:00,1.554,2.207,51.0,6.3,44700,28.9,11.1,8.1,5.0,
2018-12-04 12:46:00,1.554,2.211,51.0,6.3,44700,28.9,11.1,8.1,5.0,
2018-12-04 12:47:00,1.552,2.207,51.0,6.3,44700,28.9,11.1,8.1,5.0,
2018-12-04 12:48:00,1.55,2.201,50.9,6.3,44700,28.9,11.1,8.1,5.1,
2018-12-04 12:49:00,1.551,2.197,50.9,6.3,44700,28.9,11.1,8.1,5.1,
2018-12-04 12:50:00,1.55,2.195,50.9,6.3,44700,28.9,11.1,8.1,5.1,
2018-12-04 12:51:00,1.548,2.189,50.9,6.3,44700,28.9,11.1,8.1,5.1,
2018-12-04 12:52:00,1.548,2.194,50.9,6.3,44700,28.9,11.1,8.1,5.1,
2018-12-04 12:53:00,1.548,2.201,51.0,6.3,44700,28.9,11.1,8.1,5.1,
2018-12-04 12:54:00,1.547,2.206,51.0,6.3,44700,28.9,11.1,8.1,5.1,
2018-12-04 12:55:00,1.545,2.203,50.9,6.3,44700,28.9,11.1,8.1,5.1,
2018-12-04 12:56:00,1.546,2.193,51.0,6.3,44700,28.9,11.1,8.1,5.1,
2018-12-04 12:57:00,1.545,2.186,51.1,6.3,44700,28.9,11.1,8.1,5.1,
2018-12-04 12:58:00,1.544,2.182,51.1,6.3,44700,28.9,11.1,8.1,5.1,
2018-12-04 12:59:00,1.543,2.174,51.1,6.3,44700,28.9,11.1,8.1,5.1,
2018-12-04 13:00:00,1.544,2.168,51.1,6.3,44700,28.9,11.1,8.1,5.0,
2018-12-04 13:01:00,1.546,2.172,51.2,6.3,44700,28.9,11.1,8.1,5.0,
2018-12-04 13:02:00,1.545,2.174,51.1,6.3,44700,28.9,11.1,8.1,5.0,
2018-12-04 13:03:00,1.546,2.174,51.2,6.3,44700,28.9,11.1,8.1,5.0,
2018-12-04 13:04:00,1.547,2.176,51.2,6.3,44700,28.9,11.1,8.1,5.0,
2018-12-04 13:05:00,1.548,2.186,51.2,6.3,44700,28.9,11.1,8.1,5.0,
2018-12-04 13:06:00,1.547,2.185,51.2,6.3,44600,28.8,11.1,8.1,2.4,
2018-12-04 13:07:00,1.547,2.182,51.2,6.3,44600,28.8,11.1,8.1,2.4,
2018-12-04 13:08:00,1.546,2.185,51.2,6.3,44600,28.8,11.1,8.1,2.4,
2018-12-04 13:09:00,1.545,2.184,51.2,6.3,44600,28.8,11.1,8.1,2.4,
2018-12-04 13:10:00,1.544,2.177,51.2,6.3,44600,28.8,11.1,8.1,2.4,
2018-12-04 13:11:00,1.544,2.181,51.2,6.3,44600,28.8,11.1,8.1,2.4,
2018-12-04 13:12:00,1.545,2.185,51.2,6.3,44600,28.8,11.1,8.1,5.1,
2018-12-04 13:13:00,1.548,2.19,51.2,6.3,44600,28.8,11.1,8.1,5.1,
2018-12-04 13:14:00,1.547,2.201,51.2,6.3,44600,28.8,11.1,8.1,5.1,
2018-12-04 13:15:00,1.545,2.202,51.2,6.3,44600,28.8,11.1,8.1,5.1,
2018-12-04 13:16:00,1.547,2.198,51.2,6.3,44600,28.8,11.1,8.1,5.1,
2018-12-04 13:17:00,1.548,2.2,51.2,6.3,44600,28.8,11.1,8.1,5.1,
2018-12-04 13:18:00,1.547,2.194,51.2,6.4,44600,28.8,11.1,8.1,5.0,
2018-12-04 13:19:00,1.546,2.197,51.2,6.4,44600,28.8,11.1,8.1,5.0,
2018-12-04 13:20:00,1.546,2.191,51.2,6.4,44600,28.8,11.1,8.1,5.0,
2018-12-04 13:21:00,1.545,2.189,51.2,6.4,44600,28.8,11.1,8.1,5.0,
2018-12-04 13:22:00,1.545,2.193,51.2,6.4,44600,28.8,11.1,8.1,5.0,
2018-12-04 13:23:00,1.543,2.193,51.2,6.4,44600,28.8,11.1,8.1,5.0,
2018-12-04 13:24:00,1.543,2.186,51.2,6.4,44600,28.8,11.1,8.1,5.1,
2018-12-04 13:25:00,1.543,2.178,51.2,6.4,44600,28.8,11.1,8.1,5.1,
2018-12-04 13:26:00,1.543,2.179,51.2,6.4,44600,28.8,11.1,8.1,5.1,
2018-12-04 13:27:00,1.543,2.189,51.1,6.4,44600,28.8,11.1,8.1,5.1,
2018-12-04 13:28:00,1.541,2.184,51.1,6.4,44600,28.8,11.1,8.1,5.1,
2018-12-04 13:29:00,1.542,2.18,51.1,6.4,44600,28.8,11.1,8.1,5.1,
2018-12-04 13:30:00,1.541,2.178,51.1,6.4,44600,28.8,11.1,8.1,5.1,
2018-12-04 13:31:00,1.54,2.188,51.1,6.4,44600,28.8,11.1,8.1,5.1,
2018-12-04 13:32:00,1.542,2.189,51.1,6.4,44600,28.8,11.1,8.1,5.1,
2018-12-04 13:33:00,1.542,2.188,51.1,6.4,44600,28.8,11.1,8.1,5.1,
2018-12-04 13:34:00,1.542,2.186,51.1,6.4,44600,28.8,11.1,8.1,5.1,
2018-12-04 13:35:00,1.542,2.184,51.1,6.4,44600,28.8,11.1,8.1,5.1,
2018-12-04 13:36:00,1.541,2.185,51.1,6.4,44600,28.8,11.1,8.1,5.1,
2018-12-04 13:37:00,1.541,2.183,51.1,6.4,44600,28.8,11.1,8.1,5.1,
2018-12-04 13:38:00,1.541,2.181,51.1,6.4,44600,28.8,11.1,8.1,5.1,
2018-12-04 13:39:00,1.54,2.185,51.0,6.4,44600,28.8,11.1,8.1,5.1,
2018-12-04 13:40:00,1.54,2.193,51.1,6.4,44600,28.8,11.1,8.1,5.1,
2018-12-04 13:41:00,1.54,2.198,51.0,6.4,44600,28.8,11.1,8.1,5.1,
2018-12-04 13:42:00,1.542,2.199,51.0,6.4,44600,28.8,11.1,8.1,5.1,
2018-12-04 13:43:00,1.541,2.197,51.0,6.4,44600,28.8,11.1,8.1,5.1,
2018-12-04 13:44:00,1.542,2.19,51.0,6.4,44600,28.8,11.1,8.1,5.1,
2018-12-04 13:45:00,1.543,2.185,51.0,6.4,44600,28.8,11.1,8.1,5.1,
2018-12-04 13:46:00,1.542,2.192,51.0,6.4,44600,28.8,11.1,8.1,5.1,
2018-12-04 13:47:00,1.544,2.208,51.0,6.4,44600,28.8,11.1,8.1,5.1,
2018-12-04 13:48:00,1.544,2.208,51.0,6.4,44600,28.8,11.3,8.1,5.4,
2018-12-04 13:49:00,1.545,2.197,50.9,6.4,44600,28.8,11.3,8.1,5.4,
2018-12-04 13:50:00,1.546,2.19,50.9,6.4,44600,28.8,11.3,8.1,5.4,
2018-12-04 13:51:00,1.546,2.185,50.9,6.4,44600,28.8,11.3,8.1,5.4,
2018-12-04 13:52:00,1.543,2.189,50.9,6.4,44600,28.8,11.3,8.1,5.4,
2018-12-04 13:53:00,1.546,2.2,50.9,6.4,44600,28.8,11.3,8.1,5.4,
2018-12-04 13:54:00,1.547,2.211,50.9,6.4,44600,28.8,11.4,8.1,5.6,
2018-12-04 13:55:00,1.547,2.207,50.9,6.4,44600,28.8,11.4,8.1,5.6,
2018-12-04 13:56:00,1.549,2.211,50.9,6.4,44600,28.8,11.4,8.1,5.6,
2018-12-04 13:57:00,1.55,2.21,51.0,6.4,44600,28.8,11.4,8.1,5.6,
2018-12-04 13:58:00,1.549,2.21,50.9,6.4,44600,28.8,11.4,8.1,5.6,
2018-12-04 13:59:00,1.548,2.206,51.0,6.4,44600,28.8,11.4,8.1,5.6,
2018-12-04 14:00:00,1.549,2.203,51.0,6.4,44600,28.8,11.5,8.1,5.8,
2018-12-04 14:01:00,1.55,2.201,50.9,6.4,44600,28.8,11.5,8.1,5.8,
2018-12-04 14:02:00,1.552,2.201,50.9,6.4,44600,28.8,11.5,8.1,5.8,
2018-12-04 14:03:00,1.55,2.196,50.9,6.4,44600,28.8,11.5,8.1,5.8,
2018-12-04 14:04:00,1.547,2.203,50.9,6.4,44600,28.8,11.5,8.1,5.8,
2018-12-04 14:05:00,1.55,2.201,50.9,6.4,44600,28.8,11.5,8.1,5.8,
2018-12-04 14:06:00,1.552,2.201,50.9,6.4,44600,28.8,11.5,8.1,5.8,
2018-12-04 14:07:00,1.551,2.192,51.0,6.4,44600,28.8,11.5,8.1,5.8,
2018-12-04 14:08:00,1.551,2.185,51.0,6.4,44600,28.8,11.5,8.1,5.8,
2018-12-04 14:09:00,1.551,2.181,51.0,6.4,44600,28.8,11.5,8.1,5.8,
2018-12-04 14:10:00,1.55,2.179,51.0,6.4,44600,28.8,11.5,8.1,5.8,
2018-12-04 14:11:00,1.55,2.169,51.0,6.4,44600,28.8,11.5,8.1,5.8,
2018-12-04 14:12:00,1.549,2.168,50.9,6.4,44600,28.8,11.5,8.1,5.6,
2018-12-04 14:13:00,1.55,2.172,51.0,6.4,44600,28.8,11.5,8.1,5.6,
2018-12-04 14:14:00,1.549,2.167,51.0,6.4,44600,28.8,11.5,8.1,5.6,
2018-12-04 14:15:00,1.549,2.163,51.0,6.4,44600,28.8,11.5,8.1,5.6,
2018-12-04 14:16:00,1.55,2.167,51.0,6.4,44600,28.8,11.5,8.1,5.6,
2018-12-04 14:17:00,1.548,2.165,50.9,6.4,44600,28.8,11.5,8.1,5.6,
2018-12-04 14:18:00,1.548,2.158,50.9,6.4,44600,28.8,11.5,8.1,5.6,
2018-12-04 14:19:00,1.548,2.154,50.9,6.4,44600,28.8,11.5,8.1,5.6,
2018-12-04 14:20:00,1.548,2.165,50.9,6.4,44600,28.8,11.5,8.1,5.6,
2018-12-04 14:21:00,1.549,2.168,51.0,6.4,44600,28.8,11.5,8.1,5.6,
2018-12-04 14:22:00,1.55,2.172,50.9,6.4,44600,28.8,11.5,8.1,5.6,
2018-12-04 14:23:00,1.55,2.177,50.9,6.4,44600,28.8,11.5,8.1,5.6,
2018-12-04 14:24:00,1.55,2.177,50.9,6.4,44600,28.8,11.5,8.1,5.6,
2018-12-04 14:25:00,1.551,2.186,50.9,6.4,44600,28.8,11.5,8.1,5.6,
2018-12-04 14:26:00,1.556,2.186,50.9,6.4,44600,28.8,11.5,8.1,5.6,
2018-12-04 14:27:00,1.553,2.183,50.9,6.4,44600,28.8,11.5,8.1,5.6,
2018-12-04 14:28:00,1.551,2.186,50.9,6.4,44600,28.8,11.5,8.1,5.6,
2018-12-04 14:29:00,1.549,2.179,51.0,6.4,44600,28.8,11.5,8.1,5.6,
2018-12-04 14:30:00,1.55,2.179,51.0,6.4,44500,28.7,11.5,8.1,5.6,
2018-12-04 14:31:00,1.55,2.181,51.0,6.4,44500,28.7,11.5,8.1,5.6,
2018-12-04 14:32:00,1.55,2.192,51.0,6.4,44500,28.7,11.5,8.1,5.6,
2018-12-04 14:33:00,1.55,2.194,51.0,6.4,44500,28.7,11.5,8.1,5.6,
2018-12-04 14:34:00,1.551,2.191,51.0,6.4,44500,28.7,11.5,8.1,5.6,
2018-12-04 14:35:00,1.551,2.193,51.0,6.4,44500,28.7,11.5,8.1,5.6,
2018-12-04 14:36:00,1.55,2.188,50.9,6.4,44500,28.7,11.6,8.1,6.2,
2018-12-04 14:37:00,1.55,2.183,51.0,6.4,44500,28.7,11.6,8.1,6.2,
2018-12-04 14:38:00,1.551,2.157,51.0,6.4,44500,28.7,11.6,8.1,6.2,
2018-12-04 14:39:00,1.55,2.145,51.0,6.4,44500,28.7,11.6,8.1,6.2,
2018-12-04 14:40:00,1.549,2.153,50.9,6.4,44500,28.7,11.6,8.1,6.2,
2018-12-04 14:41:00,1.549,2.128,50.9,6.4,44500,28.7,11.6,8.1,6.2,
2018-12-04 14:42:00,1.55,2.099,50.8,6.4,44500,28.7,11.6,8.1,6.1,
2018-12-04 14:43:00,1.552,2.066,50.8,6.4,44500,28.7,11.6,8.1,6.1,
2018-12-04 14:44:00,1.552,2.04,50.7,6.4,44500,28.7,11.6,8.1,6.1,
2018-12-04 14:45:00,1.551,2.025,50.7,6.4,44500,28.7,11.6,8.1,6.1,
2018-12-04 14:46:00,1.551,2.009,50.7,6.4,44500,28.7,11.6,8.1,6.1,
2018-12-04 14:47:00,1.55,1.995,50.7,6.4,44500,28.7,11.6,8.1,6.1,
2018-12-04 14:48:00,1.548,1.986,50.7,6.5,44500,28.7,11.7,8.1,6.2,
2018-12-04 14:49:00,1.549,1.989,50.7,6.5,44500,28.7,11.7,8.1,6.2,
2018-12-04 14:50:00,1.549,1.994,50.8,6.5,44500,28.7,11.7,8.1,6.2,
2018-12-04 14:51:00,1.549,1.998,50.8,6.5,44500,28.7,11.7,8.1,6.2,
2018-12-04 14:52:00,1.549,2.011,50.8,6.5,44500,28.7,11.7,8.1,6.2,
2018-12-04 14:53:00,1.55,2.019,50.8,6.5,44500,28.7,11.7,8.1,6.2,
2018-12-04 14:54:00,1.549,2.021,50.8,6.5,44500,28.7,11.7,8.1,6.1,
2018-12-04 14:55:00,1.551,2.028,50.8,6.5,44500,28.7,11.7,8.1,6.1,
2018-12-04 14:56:00,1.552,2.037,50.8,6.5,44500,28.7,11.7,8.1,6.1,
2018-12-04 14:57:00,1.55,2.039,50.8,6.5,44500,28.7,11.7,8.1,6.1,
2018-12-04 14:58:00,1.55,2.038,50.8,6.5,44500,28.7,11.7,8.1,6.1,
2018-12-04 14:59:00,1.552,2.04,50.9,6.5,44500,28.7,11.7,8.1,6.1,
2018-12-04 15:00:00,1.552,2.046,50.9,6.5,44500,28.7,11.7,8.1,6.4,
2018-12-04 15:01:00,1.552,2.054,50.8,6.5,44500,28.7,11.7,8.1,6.4,
2018-12-04 15:02:00,1.551,2.069,50.8,6.5,44500,28.7,11.7,8.1,6.4,
2018-12-04 15:03:00,1.552,2.083,50.8,6.5,44500,28.7,11.7,8.1,6.4,
2018-12-04 15:04:00,1.552,2.09,50.8,6.5,44500,28.7,11.7,8.1,6.4,
2018-12-04 15:05:00,1.552,2.103,50.9,6.5,44500,28.7,11.7,8.1,6.4,
2018-12-04 15:06:00,1.553,2.111,50.8,6.5,44500,28.7,11.7,8.1,6.9,
2018-12-04 15:07:00,1.556,2.116,50.8,6.5,44500,28.7,11.7,8.1,6.9,
2018-12-04 15:08:00,1.555,2.119,50.8,6.5,44500,28.7,11.7,8.1,6.9,
2018-12-04 15:09:00,1.554,2.128,50.8,6.5,44500,28.7,11.7,8.1,6.9,
2018-12-04 15:10:00,1.553,2.135,50.8,6.5,44500,28.7,11.7,8.1,6.9,
2018-12-04 15:11:00,1.552,2.137,50.8,6.5,44500,28.7,11.7,8.1,6.9,
2018-12-04 15:12:00,1.552,2.147,50.8,6.5,44400,28.7,11.7,8.1,6.5,
2018-12-04 15:13:00,1.552,2.152,50.8,6.5,44400,28.7,11.7,8.1,6.5,
2018-12-04 15:14:00,1.552,2.158,50.8,6.5,44400,28.7,11.7,8.1,6.5,
2018-12-04 15:15:00,1.553,2.168,50.8,6.5,44400,28.7,11.7,8.1,6.5,
2018-12-04 15:16:00,1.553,2.182,50.8,6.5,44400,28.7,11.7,8.1,6.5,
2018-12-04 15:17:00,1.553,2.193,50.8,6.5,44400,28.7,11.7,8.1,6.5,
2018-12-04 15:18:00,1.552,2.197,50.8,6.5,44500,28.7,11.7,8.1,6.5,
2018-12-04 15:19:00,1.552,2.197,50.8,6.5,44500,28.7,11.7,8.1,6.5,
2018-12-04 15:20:00,1.552,2.197,50.8,6.5,44500,28.7,11.7,8.1,6.5,
2018-12-04 15:21:00,1.553,2.191,50.8,6.5,44500,28.7,11.7,8.1,6.5,
2018-12-04 15:22:00,1.552,2.204,50.8,6.5,44500,28.7,11.7,8.1,6.5,
2018-12-04 15:23:00,1.554,2.213,50.8,6.5,44500,28.7,11.7,8.1,6.5,
2018-12-04 15:24:00,1.552,2.199,50.8,6.5,44500,28.7,11.7,8.1,6.2,
2018-12-04 15:25:00,1.551,2.197,50.7,6.5,44500,28.7,11.7,8.1,6.2,
2018-12-04 15:26:00,1.553,2.204,50.8,6.5,44500,28.7,11.7,8.1,6.2,
2018-12-04 15:27:00,1.558,2.202,50.8,6.5,44500,28.7,11.7,8.1,6.2,
2018-12-04 15:28:00,1.554,2.198,50.8,6.5,44500,28.7,11.7,8.1,6.2,
2018-12-04 15:29:00,1.555,2.185,50.8,6.5,44500,28.7,11.7,8.1,6.2,
2018-12-04 15:30:00,1.556,2.173,50.8,6.4,44500,28.7,11.7,8.1,6.3,
2018-12-04 15:31:00,1.557,2.173,50.8,6.4,44500,28.7,11.7,8.1,6.3,
2018-12-04 15:32:00,1.559,2.165,50.8,6.4,44500,28.7,11.7,8.1,6.3,
2018-12-04 15:33:00,1.559,2.159,50.8,6.4,44500,28.7,11.7,8.1,6.3,
2018-12-04 15:34:00,1.56,2.157,50.8,6.4,44500,28.7,11.7,8.1,6.3,
2018-12-04 15:35:00,1.561,2.165,50.7,6.4,44500,28.7,11.7,8.1,6.3,
2018-12-04 15:36:00,1.563,2.163,50.7,6.4,44500,28.7,11.7,8.1,6.2,
2018-12-04 15:37:00,1.563,2.157,50.7,6.4,44500,28.7,11.7,8.1,6.2,
2018-12-04 15:38:00,1.563,2.159,50.8,6.4,44500,28.7,11.7,8.1,6.2,
2018-12-04 15:39:00,1.563,2.165,50.7,6.4,44500,28.7,11.7,8.1,6.2,
2018-12-04 15:40:00,1.56,2.164,50.7,6.4,44500,28.7,11.7,8.1,6.2,
2018-12-04 15:41:00,1.56,2.158,50.7,6.4,44500,28.7,11.7,8.1,6.2,
2018-12-04 15:42:00,1.56,2.147,50.7,6.4,44500,28.7,11.7,8.1,6.5,
2018-12-04 15:43:00,1.561,2.147,50.8,6.4,44500,28.7,11.7,8.1,6.5,
2018-12-04 15:44:00,1.562,2.152,50.8,6.4,44500,28.7,11.7,8.1,6.5,
2018-12-04 15:45:00,1.561,2.158,50.8,6.4,44500,28.7,11.7,8.1,6.5,
2018-12-04 15:46:00,1.561,2.165,50.7,6.4,44500,28.7,11.7,8.1,6.5,
2018-12-04 15:47:00,1.561,2.172,50.8,6.4,44500,28.7,11.7,8.1,6.5,
2018-12-04 15:48:00,1.561,2.182,50.8,6.4,44500,28.7,11.7,8.1,6.3,
2018-12-04 15:49:00,1.561,2.18,50.7,6.4,44500,28.7,11.7,8.1,6.3,
2018-12-04 15:50:00,1.561,2.176,50.7,6.4,44500,28.7,11.7,8.1,6.3,
2018-12-04 15:51:00,1.561,2.178,50.7,6.4,44500,28.7,11.7,8.1,6.3,
2018-12-04 15:52:00,1.56,2.175,50.8,6.4,44500,28.7,11.7,8.1,6.3,
2018-12-04 15:53:00,1.56,2.176,50.8,6.4,44500,28.7,11.7,8.1,6.3,
2018-12-04 15:54:00,1.558,2.165,50.8,6.3,44600,28.8,11.5,8.1,5.8,
2018-12-04 15:55:00,1.558,2.169,50.8,6.3,44600,28.8,11.5,8.1,5.8,
2018-12-04 15:56:00,1.558,2.165,50.8,6.3,44600,28.8,11.5,8.1,5.8,
2018-12-04 15:57:00,1.556,2.158,50.8,6.3,44600,28.8,11.5,8.1,5.8,
2018-12-04 15:58:00,1.556,2.154,50.8,6.3,44600,28.8,11.5,8.1,5.8,
2018-12-04 15:59:00,1.555,2.157,50.8,6.3,44600,28.8,11.5,8.1,5.8,
2018-12-04 16:00:00,1.555,2.158,50.8,6.3,44700,28.9,11.4,8.1,5.1,
2018-12-04 16:01:00,1.554,2.162,50.8,6.3,44700,28.9,11.4,8.1,5.1,
2018-12-04 16:02:00,1.555,2.174,50.8,6.3,44700,28.9,11.4,8.1,5.1,
2018-12-04 16:03:00,1.555,2.187,50.8,6.3,44700,28.9,11.4,8.1,5.1,
2018-12-04 16:04:00,1.555,2.192,50.8,6.3,44700,28.9,11.4,8.1,5.1,
2018-12-04 16:05:00,1.555,2.188,50.8,6.3,44700,28.9,11.4,8.1,5.1,
2018-12-04 16:06:00,1.555,2.175,50.7,6.3,44700,28.9,11.4,8.1,5.2,
2018-12-04 16:07:00,1.555,2.169,50.7,6.3,44700,28.9,11.4,8.1,5.2,
2018-12-04 16:08:00,1.553,2.175,50.7,6.3,44700,28.9,11.4,8.1,5.2,
2018-12-04 16:09:00,1.552,2.182,50.7,6.3,44700,28.9,11.4,8.1,5.2,
2018-12-04 16:10:00,1.553,2.187,50.7,6.3,44700,28.9,11.4,8.1,5.2,
2018-12-04 16:11:00,1.553,2.183,50.8,6.3,44700,28.9,11.4,8.1,5.2,
2018-12-04 16:12:00,1.552,2.174,50.7,6.3,44800,29.0,11.3,8.1,5.1,
2018-12-04 16:13:00,1.552,2.175,50.8,6.3,44800,29.0,11.3,8.1,5.1,
2018-12-04 16:14:00,1.552,2.176,50.8,6.3,44800,29.0,11.3,8.1,5.1,
2018-12-04 16:15:00,1.551,2.177,50.8,6.3,44800,29.0,11.3,8.1,5.1,
2018-12-04 16:16:00,1.55,2.179,50.8,6.3,44800,29.0,11.3,8.1,5.1,
2018-12-04 16:17:00,1.55,2.191,50.8,6.3,44800,29.0,11.3,8.1,5.1,
2018-12-04 16:18:00,1.55,2.199,50.8,6.3,44800,28.9,11.4,8.1,5.3,
2018-12-04 16:19:00,1.549,2.203,50.8,6.3,44800,28.9,11.4,8.1,5.3,
2018-12-04 16:20:00,1.55,2.201,50.7,6.3,44800,28.9,11.4,8.1,5.3,
2018-12-04 16:21:00,1.549,2.203,50.7,6.3,44800,28.9,11.4,8.1,5.3,
2018-12-04 16:22:00,1.549,2.206,50.7,6.3,44800,28.9,11.4,8.1,5.3,
2018-12-04 16:23:00,1.549,2.208,50.8,6.3,44800,28.9,11.4,8.1,5.3,
2018-12-04 16:24:00,1.548,2.207,50.8,6.3,44600,28.8,11.5,8.1,5.7,
2018-12-04 16:25:00,1.547,2.207,50.7,6.3,44600,28.8,11.5,8.1,5.7,
2018-12-04 16:26:00,1.547,2.209,50.8,6.3,44600,28.8,11.5,8.1,5.7,
2018-12-04 16:27:00,1.546,2.204,50.7,6.3,44600,28.8,11.5,8.1,5.7,
2018-12-04 16:28:00,1.546,2.205,50.7,6.3,44600,28.8,11.5,8.1,5.7,
2018-12-04 16:29:00,1.546,2.207,50.8,6.3,44600,28.8,11.5,8.1,5.7,
2018-12-04 16:30:00,1.544,2.211,50.8,6.3,44600,28.8,11.5,8.1,5.6,
2018-12-04 16:31:00,1.544,2.217,50.7,6.3,44600,28.8,11.5,8.1,5.6,
2018-12-04 16:32:00,1.544,2.214,50.7,6.3,44600,28.8,11.5,8.1,5.6,
2018-12-04 16:33:00,1.543,2.215,50.7,6.3,44600,28.8,11.5,8.1,5.6,
2018-12-04 16:34:00,1.542,2.211,50.7,6.3,44600,28.8,11.5,8.1,5.6,
2018-12-04 16:35:00,1.542,2.211,50.7,6.3,44600,28.8,11.5,8.1,5.6,
2018-12-04 16:36:00,1.541,2.21,50.8,6.3,44800,28.9,11.4,8.1,5.3,
2018-12-04 16:37:00,1.541,2.213,50.7,6.3,44800,28.9,11.4,8.1,5.3,
2018-12-04 16:38:00,1.54,2.207,50.7,6.3,44800,28.9,11.4,8.1,5.3,
2018-12-04 16:39:00,1.539,2.204,50.7,6.3,44800,28.9,11.4,8.1,5.3,
2018-12-04 16:40:00,1.537,2.206,50.8,6.3,44800,28.9,11.4,8.1,5.3,
2018-12-04 16:41:00,1.539,2.208,50.7,6.3,44800,28.9,11.4,8.1,5.3,
2018-12-04 16:42:00,1.538,2.2,50.7,6.3,44700,28.9,11.5,8.1,5.3,
2018-12-04 16:43:00,1.537,2.188,50.7,6.3,44700,28.9,11.5,8.1,5.3,
2018-12-04 16:44:00,1.536,2.191,50.7,6.3,44700,28.9,11.5,8.1,5.3,
2018-12-04 16:45:00,1.536,2.199,50.7,6.3,44700,28.9,11.5,8.1,5.3,
2018-12-04 16:46:00,1.536,2.21,50.7,6.3,44700,28.9,11.5,8.1,5.3,
2018-12-04 16:47:00,1.535,2.219,50.7,6.3,44700,28.9,11.5,8.1,5.3,
2018-12-04 16:48:00,1.535,2.219,50.8,6.2,44700,28.9,11.4,8.1,5.5,
2018-12-04 16:49:00,1.534,2.216,50.7,6.2,44700,28.9,11.4,8.1,5.5,
2018-12-04 16:50:00,1.533,2.209,50.7,6.2,44700,28.9,11.4,8.1,5.5,
2018-12-04 16:51:00,1.532,2.213,50.8,6.2,44700,28.9,11.4,8.1,5.5,
2018-12-04 16:52:00,1.531,2.217,50.8,6.2,44700,28.9,11.4,8.1,5.5,
2018-12-04 16:53:00,1.531,2.212,50.8,6.2,44700,28.9,11.4,8.1,5.5,
2018-12-04 16:54:00,1.531,2.209,50.7,6.2,44700,28.9,11.4,8.1,5.1,
2018-12-04 16:55:00,1.53,2.208,50.7,6.2,44700,28.9,11.4,8.1,5.1,
2018-12-04 16:56:00,1.529,2.22,50.7,6.2,44700,28.9,11.4,8.1,5.1,
2018-12-04 16:57:00,1.529,2.221,50.7,6.2,44700,28.9,11.4,8.1,5.1,
2018-12-04 16:58:00,1.529,2.219,50.7,6.2,44700,28.9,11.4,8.1,5.1,
2018-12-04 16:59:00,1.529,2.222,50.7,6.2,44700,28.9,11.4,8.1,5.1,
2018-12-04 17:00:00,1.528,2.223,50.7,6.2,44600,28.8,11.6,8.1,5.5,
2018-12-04 17:01:00,1.528,2.217,50.7,6.2,44600,28.8,11.6,8.1,5.5,
2018-12-04 17:02:00,1.527,2.209,50.7,6.2,44600,28.8,11.6,8.1,5.5,
2018-12-04 17:03:00,1.526,2.207,50.7,6.2,44600,28.8,11.6,8.1,5.5,
2018-12-04 17:04:00,1.526,2.208,50.7,6.2,44600,28.8,11.6,8.1,5.5,
2018-12-04 17:05:00,1.525,2.214,50.7,6.2,44600,28.8,11.6,8.1,5.5,
2018-12-04 17:06:00,1.524,2.219,50.7,6.2,44700,28.9,11.5,8.1,5.2,
2018-12-04 17:07:00,1.523,2.221,50.7,6.2,44700,28.9,11.5,8.1,5.2,
2018-12-04 17:08:00,1.522,2.221,50.7,6.2,44700,28.9,11.5,8.1,5.2,
2018-12-04 17:09:00,1.522,2.218,50.7,6.2,44700,28.9,11.5,8.1,5.2,
2018-12-04 17:10:00,1.521,2.22,50.7,6.2,44700,28.9,11.5,8.1,5.2,
2018-12-04 17:11:00,1.521,2.234,50.7,6.2,44700,28.9,11.5,8.1,5.2,
2018-12-04 17:12:00,1.52,2.243,50.7,6.2,44800,28.9,11.3,8.1,5.1,
2018-12-04 17:13:00,1.52,2.239,50.7,6.2,44800,28.9,11.3,8.1,5.1,
2018-12-04 17:14:00,1.519,2.235,50.7,6.2,44800,28.9,11.3,8.1,5.1,
2018-12-04 17:15:00,1.518,2.235,50.7,6.2,44800,28.9,11.3,8.1,5.1,
2018-12-04 17:16:00,1.518,2.231,50.7,6.2,44800,28.9,11.3,8.1,5.1,
2018-12-04 17:17:00,1.516,2.239,50.7,6.2,44800,28.9,11.3,8.1,5.1,
2018-12-04 17:18:00,1.516,2.24,50.7,6.1,44800,28.9,11.3,8.1,6.6,
2018-12-04 17:19:00,1.515,2.237,50.7,6.1,44800,28.9,11.3,8.1,6.6,
2018-12-04 17:20:00,1.514,2.236,50.7,6.1,44800,28.9,11.3,8.1,6.6,
2018-12-04 17:21:00,1.514,2.223,50.7,6.1,44800,28.9,11.3,8.1,6.6,
2018-12-04 17:22:00,1.513,2.229,50.7,6.1,44800,28.9,11.3,8.1,6.6,
2018-12-04 17:23:00,1.512,2.222,50.7,6.1,44800,28.9,11.3,8.1,6.6,
2018-12-04 17:24:00,1.511,2.213,50.7,6.1,44800,28.9,11.2,8.1,5.1,
2018-12-04 17:25:00,1.51,2.212,50.7,6.1,44800,28.9,11.2,8.1,5.1,
2018-12-04 17:26:00,1.509,2.22,50.7,6.1,44800,28.9,11.2,8.1,5.1,
2018-12-04 17:27:00,1.508,2.213,50.7,6.1,44800,28.9,11.2,8.1,5.1,
2018-12-04 17:28:00,1.507,2.208,50.7,6.1,44800,28.9,11.2,8.1,5.1,
2018-12-04 17:29:00,1.507,2.21,50.7,6.1,44800,28.9,11.2,8.1,5.1,
2018-12-04 17:30:00,1.507,2.22,50.7,6.1,44800,29.0,11.2,8.1,4.0,
2018-12-04 17:31:00,1.506,2.214,50.7,6.1,44800,29.0,11.2,8.1,4.0,
2018-12-04 17:32:00,1.505,2.209,50.7,6.1,44800,29.0,11.2,8.1,4.0,
2018-12-04 17:33:00,1.505,2.211,50.7,6.1,44800,29.0,11.2,8.1,4.0,
2018-12-04 17:34:00,1.504,2.212,50.7,6.1,44800,29.0,11.2,8.1,4.0,
2018-12-04 17:35:00,1.504,2.218,50.7,6.1,44800,29.0,11.2,8.1,4.0,
2018-12-04 17:36:00,1.502,2.216,50.7,6.1,44900,29.0,11.1,8.1,5.1,
2018-12-04 17:37:00,1.502,2.223,50.7,6.1,44900,29.0,11.1,8.1,5.1,
2018-12-04 17:38:00,1.501,2.222,50.7,6.1,44900,29.0,11.1,8.1,5.1,
2018-12-04 17:39:00,1.5,2.225,50.7,6.1,44900,29.0,11.1,8.1,5.1,
2018-12-04 17:40:00,1.5,2.238,50.7,6.1,44900,29.0,11.1,8.1,5.1,
2018-12-04 17:41:00,1.5,2.242,50.7,6.1,44900,29.0,11.1,8.1,5.1,
2018-12-04 17:42:00,1.499,2.243,50.7,6.1,44800,29.0,11.2,8.1,5.1,
2018-12-04 17:43:00,1.499,2.255,50.7,6.1,44800,29.0,11.2,8.1,5.1,
2018-12-04 17:44:00,1.499,2.248,50.7,6.1,44800,29.0,11.2,8.1,5.1,
2018-12-04 17:45:00,1.497,2.238,50.7,6.1,44800,29.0,11.2,8.1,5.1,
2018-12-04 17:46:00,1.5,2.24,50.7,6.1,44800,29.0,11.2,8.1,5.1,
2018-12-04 17:47:00,1.505,2.246,50.7,6.1,44800,29.0,11.2,8.1,5.1,
2018-12-04 17:48:00,1.506,2.245,50.7,6.1,44800,29.0,11.2,8.1,5.1,
2018-12-04 17:49:00,1.507,2.247,50.6,6.1,44800,29.0,11.2,8.1,5.1,
2018-12-04 17:50:00,1.506,2.255,50.6,6.1,44800,29.0,11.2,8.1,5.1,
2018-12-04 17:51:00,1.506,2.264,50.6,6.1,44800,29.0,11.2,8.1,5.1,
2018-12-04 17:52:00,1.504,2.258,50.6,6.1,44800,29.0,11.2,8.1,5.1,
2018-12-04 17:53:00,1.503,2.246,50.6,6.1,44800,29.0,11.2,8.1,5.1,
2018-12-04 17:54:00,1.502,2.231,50.6,6.1,44800,29.0,11.1,8.1,5.1,
2018-12-04 17:55:00,1.504,2.224,50.6,6.1,44800,29.0,11.1,8.1,5.1,
2018-12-04 17:56:00,1.504,2.218,50.6,6.1,44800,29.0,11.1,8.1,5.1,
2018-12-04 17:57:00,1.504,2.224,50.6,6.1,44800,29.0,11.1,8.1,5.1,
2018-12-04 17:58:00,1.504,2.216,50.6,6.1,44800,29.0,11.1,8.1,5.1,
2018-12-04 17:59:00,1.505,2.212,50.6,6.1,44800,29.0,11.1,8.1,5.1,
2018-12-04 18:00:00,1.505,2.221,50.6,6.1,44900,29.0,11.0,8.1,3.4,
2018-12-04 18:01:00,1.504,2.226,50.6,6.1,44900,29.0,11.0,8.1,3.4,
2018-12-04 18:02:00,1.504,2.228,50.6,6.1,44900,29.0,11.0,8.1,3.4,
2018-12-04 18:03:00,1.505,2.229,50.6,6.1,44900,29.0,11.0,8.1,3.4,
2018-12-04 18:04:00,1.506,2.233,50.6,6.1,44900,29.0,11.0,8.1,3.4,
2018-12-04 18:05:00,1.505,2.237,50.6,6.1,44900,29.0,11.0,8.1,3.4,
2018-12-04 18:06:00,1.505,2.23,50.6,6.1,44900,29.0,11.0,8.1,4.9,
2018-12-04 18:07:00,1.504,2.23,50.6,6.1,44900,29.0,11.0,8.1,4.9,
2018-12-04 18:08:00,1.503,2.224,50.6,6.1,44900,29.0,11.0,8.1,4.9,
2018-12-04 18:09:00,1.503,2.219,50.6,6.1,44900,29.0,11.0,8.1,4.9,
2018-12-04 18:10:00,1.503,2.215,50.6,6.1,44900,29.0,11.0,8.1,4.9,
2018-12-04 18:11:00,1.503,2.216,50.6,6.1,44900,29.0,11.0,8.1,4.9,
2018-12-04 18:12:00,1.506,2.224,50.6,6.0,44800,29.0,11.1,8.1,5.2,
2018-12-04 18:13:00,1.501,2.223,50.6,6.0,44800,29.0,11.1,8.1,5.2,
2018-12-04 18:14:00,1.503,2.215,50.6,6.0,44800,29.0,11.1,8.1,5.2,
2018-12-04 18:15:00,1.503,2.219,50.6,6.0,44800,29.0,11.1,8.1,5.2,
2018-12-04 18:16:00,1.507,2.229,50.6,6.0,44800,29.0,11.1,8.1,5.2,
2018-12-04 18:17:00,1.508,2.237,50.6,6.0,44800,29.0,11.1,8.1,5.2,
2018-12-04 18:18:00,1.51,2.238,50.6,6.1,44900,29.0,11.0,8.1,5.0,
2018-12-04 18:19:00,1.511,2.227,50.6,6.1,44900,29.0,11.0,8.1,5.0,
2018-12-04 18:20:00,1.511,2.215,50.6,6.1,44900,29.0,11.0,8.1,5.0,
2018-12-04 18:21:00,1.513,2.212,50.6,6.1,44900,29.0,11.0,8.1,5.0,
2018-12-04 18:22:00,1.508,2.215,50.6,6.1,44900,29.0,11.0,8.1,5.0,
2018-12-04 18:23:00,1.513,2.215,50.6,6.1,44900,29.0,11.0,8.1,5.0,
2018-12-04 18:24:00,1.513,2.215,50.6,6.0,44900,29.0,11.0,8.1,5.1,
2018-12-04 18:25:00,1.512,2.214,50.6,6.0,44900,29.0,11.0,8.1,5.1,
2018-12-04 18:26:00,1.515,2.213,50.6,6.0,44900,29.0,11.0,8.1,5.1,
2018-12-04 18:27:00,1.516,2.221,50.6,6.0,44900,29.0,11.0,8.1,5.1,
2018-12-04 18:28:00,1.517,2.225,50.6,6.0,44900,29.0,11.0,8.1,5.1,
2018-12-04 18:29:00,1.518,2.228,50.6,6.0,44900,29.0,11.0,8.1,5.1,
2018-12-04 18:30:00,1.518,2.22,50.6,6.0,44900,29.0,11.0,8.1,5.1,
2018-12-04 18:31:00,1.518,2.218,50.6,6.0,44900,29.0,11.0,8.1,5.1,
2018-12-04 18:32:00,1.518,2.206,50.6,6.0,44900,29.0,11.0,8.1,5.1,
2018-12-04 18:33:00,1.519,2.204,50.6,6.0,44900,29.0,11.0,8.1,5.1,
2018-12-04 18:34:00,1.528,2.203,50.6,6.0,44900,29.0,11.0,8.1,5.1,
2018-12-04 18:35:00,1.527,2.21,50.6,6.0,44900,29.0,11.0,8.1,5.1,
2018-12-04 18:36:00,1.53,2.204,50.6,6.0,44900,29.0,11.0,8.1,5.0,
2018-12-04 18:37:00,1.531,2.199,50.6,6.0,44900,29.0,11.0,8.1,5.0,
2018-12-04 18:38:00,1.53,2.2,50.6,6.0,44900,29.0,11.0,8.1,5.0,
2018-12-04 18:39:00,1.528,2.197,50.6,6.0,44900,29.0,11.0,8.1,5.0,
2018-12-04 18:40:00,1.529,2.2,50.6,6.0,44900,29.0,11.0,8.1,5.0,
2018-12-04 18:41:00,1.531,2.212,50.6,6.0,44900,29.0,11.0,8.1,5.0,
2018-12-04 18:42:00,1.531,2.221,50.6,6.0,44900,29.0,11.0,8.1,5.1,
2018-12-04 18:43:00,1.535,2.217,50.6,6.0,44900,29.0,11.0,8.1,5.1,
2018-12-04 18:44:00,1.538,2.217,50.6,6.0,44900,29.0,11.0,8.1,5.1,
2018-12-04 18:45:00,1.538,2.215,50.6,6.0,44900,29.0,11.0,8.1,5.1,
2018-12-04 18:46:00,1.538,2.211,50.6,6.0,44900,29.0,11.0,8.1,5.1,
2018-12-04 18:47:00,1.537,2.208,50.6,6.0,44900,29.0,11.0,8.1,5.1,
2018-12-04 18:48:00,1.543,2.204,50.6,6.0,44900,29.0,11.0,8.1,5.0,
2018-12-04 18:49:00,1.544,2.209,50.6,6.0,44900,29.0,11.0,8.1,5.0,
2018-12-04 18:50:00,1.541,2.212,50.6,6.0,44900,29.0,11.0,8.1,5.0,
2018-12-04 18:51:00,1.543,2.2,50.6,6.0,44900,29.0,11.0,8.1,5.0,
2018-12-04 18:52:00,1.542,2.197,50.6,6.0,44900,29.0,11.0,8.1,5.0,
2018-12-04 18:53:00,1.545,2.189,50.6,6.0,44900,29.0,11.0,8.1,5.0,
2018-12-04 18:54:00,1.549,2.193,50.6,6.0,44900,29.0,11.0,8.1,4.9,
2018-12-04 18:55:00,1.544,2.196,50.6,6.0,44900,29.0,11.0,8.1,4.9,
2018-12-04 18:56:00,1.539,2.202,50.6,6.0,44900,29.0,11.0,8.1,4.9,
2018-12-04 18:57:00,1.543,2.215,50.6,6.0,44900,29.0,11.0,8.1,4.9,
2018-12-04 18:58:00,1.55,2.223,50.6,6.0,44900,29.0,11.0,8.1,4.9,
2018-12-04 18:59:00,1.549,2.223,50.6,6.0,44900,29.0,11.0,8.1,4.9,
2018-12-04 19:00:00,1.546,2.229,50.6,6.0,44900,29.0,11.0,8.1,5.1,
2018-12-04 19:01:00,1.544,2.236,50.6,6.0,44900,29.0,11.0,8.1,5.1,
2018-12-04 19:02:00,1.552,2.236,50.6,6.0,44900,29.0,11.0,8.1,5.1,
2018-12-04 19:03:00,1.551,2.235,50.6,6.0,44900,29.0,11.0,8.1,5.1,
2018-12-04 19:04:00,1.553,2.234,50.6,6.0,44900,29.0,11.0,8.1,5.1,
2018-12-04 19:05:00,1.552,2.232,50.6,6.0,44900,29.0,11.0,8.1,5.1,
2018-12-04 19:06:00,1.551,2.22,50.6,6.0,44900,29.0,11.0,8.1,4.9,
2018-12-04 19:07:00,1.554,2.215,50.6,6.0,44900,29.0,11.0,8.1,4.9,
2018-12-04 19:08:00,1.558,2.21,50.6,6.0,44900,29.0,11.0,8.1,4.9,
2018-12-04 19:09:00,1.558,2.205,50.6,6.0,44900,29.0,11.0,8.1,4.9,
2018-12-04 19:10:00,1.558,2.205,50.6,6.0,44900,29.0,11.0,8.1,4.9,
2018-12-04 19:11:00,1.557,2.214,50.6,6.0,44900,29.0,11.0,8.1,4.9,
2018-12-04 19:12:00,1.554,2.213,50.6,6.0,44900,29.0,11.0,8.1,5.0,
2018-12-04 19:13:00,1.562,2.215,50.6,6.0,44900,29.0,11.0,8.1,5.0,
2018-12-04 19:14:00,1.56,2.209,50.6,6.0,44900,29.0,11.0,8.1,5.0,
2018-12-04 19:15:00,1.559,2.207,50.6,6.0,44900,29.0,11.0,8.1,5.0,
2018-12-04 19:16:00,1.565,2.21,50.6,6.0,44900,29.0,11.0,8.1,5.0,
2018-12-04 19:17:00,1.563,2.202,50.6,6.0,44900,29.0,11.0,8.1,5.0,
2018-12-04 19:18:00,1.564,2.21,50.6,6.0,44900,29.0,10.9,8.1,5.0,
2018-12-04 19:19:00,1.566,2.215,50.6,6.0,44900,29.0,10.9,8.1,5.0,
2018-12-04 19:20:00,1.564,2.229,50.6,6.0,44900,29.0,10.9,8.1,5.0,
2018-12-04 19:21:00,1.566,2.238,50.6,6.0,44900,29.0,10.9,8.1,5.0,
2018-12-04 19:22:00,1.563,2.231,50.6,6.0,44900,29.0,10.9,8.1,5.0,
2018-12-04 19:23:00,1.566,2.234,50.6,6.0,44900,29.0,10.9,8.1,5.0,
2018-12-04 19:24:00,1.565,2.241,50.6,6.0,44900,29.0,10.9,8.1,5.1,
2018-12-04 19:25:00,1.565,2.243,50.6,6.0,44900,29.0,10.9,8.1,5.1,
2018-12-04 19:26:00,1.571,2.244,50.6,6.0,44900,29.0,10.9,8.1,5.1,
2018-12-04 19:27:00,1.57,2.244,50.6,6.0,44900,29.0,10.9,8.1,5.1,
2018-12-04 19:28:00,1.572,2.252,50.6,6.0,44900,29.0,10.9,8.1,5.1,
2018-12-04 19:29:00,1.57,2.249,50.6,6.0,44900,29.0,10.9,8.1,5.1,
2018-12-04 19:30:00,1.572,2.262,50.6,6.0,44900,29.0,11.0,8.1,5.0,
2018-12-04 19:31:00,1.572,2.255,50.6,6.0,44900,29.0,11.0,8.1,5.0,
2018-12-04 19:32:00,1.572,2.25,50.5,6.0,44900,29.0,11.0,8.1,5.0,
2018-12-04 19:33:00,1.572,2.258,50.5,6.0,44900,29.0,11.0,8.1,5.0,
2018-12-04 19:34:00,1.573,2.264,50.5,6.0,44900,29.0,11.0,8.1,5.0,
2018-12-04 19:35:00,1.57,2.257,50.5,6.0,44900,29.0,11.0,8.1,5.0,
2018-12-04 19:36:00,1.57,2.256,50.5,6.0,44900,29.0,10.9,8.1,5.2,
2018-12-04 19:37:00,1.571,2.258,50.5,6.0,44900,29.0,10.9,8.1,5.2,
2018-12-04 19:38:00,1.569,2.259,50.5,6.0,44900,29.0,10.9,8.1,5.2,
2018-12-04 19:39:00,1.568,2.256,50.5,6.0,44900,29.0,10.9,8.1,5.2,
2018-12-04 19:40:00,1.57,2.257,50.5,6.0,44900,29.0,10.9,8.1,5.2,
2018-12-04 19:41:00,1.569,2.254,50.5,6.0,44900,29.0,10.9,8.1,5.2,
2018-12-04 19:42:00,1.569,2.251,50.5,6.0,44900,29.0,11.0,8.1,5.1,
2018-12-04 19:43:00,1.57,2.258,50.5,6.0,44900,29.0,11.0,8.1,5.1,
2018-12-04 19:44:00,1.572,2.251,50.5,6.0,44900,29.0,11.0,8.1,5.1,
2018-12-04 19:45:00,1.572,2.248,50.5,6.0,44900,29.0,11.0,8.1,5.1,
2018-12-04 19:46:00,1.573,2.245,50.5,6.0,44900,29.0,11.0,8.1,5.1,
2018-12-04 19:47:00,1.573,2.246,50.5,6.0,44900,29.0,11.0,8.1,5.1,
2018-12-04 19:48:00,1.572,2.253,50.5,5.9,44900,29.0,11.0,8.1,5.3,
2018-12-04 19:49:00,1.57,2.256,50.5,5.9,44900,29.0,11.0,8.1,5.3,
2018-12-04 19:50:00,1.571,2.26,50.5,5.9,44900,29.0,11.0,8.1,5.3,
2018-12-04 19:51:00,1.572,2.264,50.5,5.9,44900,29.0,11.0,8.1,5.3,
2018-12-04 19:52:00,1.574,2.256,50.5,5.9,44900,29.0,11.0,8.1,5.3,
2018-12-04 19:53:00,1.576,2.247,50.5,5.9,44900,29.0,11.0,8.1,5.3,
2018-12-04 19:54:00,1.577,2.245,50.5,5.9,44900,29.0,10.9,8.1,5.3,
2018-12-04 19:55:00,1.577,2.246,50.5,5.9,44900,29.0,10.9,8.1,5.3,
2018-12-04 19:56:00,1.577,2.263,50.5,5.9,44900,29.0,10.9,8.1,5.3,
2018-12-04 19:57:00,1.579,2.265,50.5,5.9,44900,29.0,10.9,8.1,5.3,
2018-12-04 19:58:00,1.578,2.258,50.5,5.9,44900,29.0,10.9,8.1,5.3,
2018-12-04 19:59:00,1.574,2.252,50.5,5.9,44900,29.0,10.9,8.1,5.3,
2018-12-04 20:00:00,1.573,2.242,50.5,5.9,44900,29.0,11.0,8.1,4.3,
2018-12-04 20:01:00,1.575,2.243,50.5,5.9,44900,29.0,11.0,8.1,4.3,
2018-12-04 20:02:00,1.575,2.251,50.5,5.9,44900,29.0,11.0,8.1,4.3,
2018-12-04 20:03:00,1.579,2.252,50.5,5.9,44900,29.0,11.0,8.1,4.3,
2018-12-04 20:04:00,1.579,2.263,50.5,5.9,44900,29.0,11.0,8.1,4.3,
2018-12-04 20:05:00,1.581,2.266,50.5,5.9,44900,29.0,11.0,8.1,4.3,
2018-12-04 20:06:00,1.579,2.261,50.5,5.9,44900,29.0,11.0,8.1,5.3,
2018-12-04 20:07:00,1.582,2.256,50.5,5.9,44900,29.0,11.0,8.1,5.3,
2018-12-04 20:08:00,1.583,2.251,50.5,5.9,44900,29.0,11.0,8.1,5.3,
2018-12-04 20:09:00,1.583,2.245,50.5,5.9,44900,29.0,11.0,8.1,5.3,
2018-12-04 20:10:00,1.582,2.243,50.5,5.9,44900,29.0,11.0,8.1,5.3,
2018-12-04 20:11:00,1.583,2.252,50.5,5.9,44900,29.0,11.0,8.1,5.3,
2018-12-04 20:12:00,1.583,2.259,50.5,5.9,44900,29.0,11.0,8.1,5.2,
2018-12-04 20:13:00,1.581,2.262,50.5,5.9,44900,29.0,11.0,8.1,5.2,
2018-12-04 20:14:00,1.582,2.263,50.5,5.9,44900,29.0,11.0,8.1,5.2,
2018-12-04 20:15:00,1.583,2.268,50.5,5.9,44900,29.0,11.0,8.1,5.2,
2018-12-04 20:16:00,1.583,2.263,50.5,5.9,44900,29.0,11.0,8.1,5.2,
2018-12-04 20:17:00,1.582,2.261,50.5,5.9,44900,29.0,11.0,8.1,5.2,
2018-12-04 20:18:00,1.583,2.26,50.5,5.9,44900,29.0,11.0,8.1,5.4,
2018-12-04 20:19:00,1.582,2.264,50.5,5.9,44900,29.0,11.0,8.1,5.4,
2018-12-04 20:20:00,1.583,2.274,50.5,5.9,44900,29.0,11.0,8.1,5.4,
2018-12-04 20:21:00,1.583,2.272,50.5,5.9,44900,29.0,11.0,8.1,5.4,
2018-12-04 20:22:00,1.582,2.265,50.5,5.9,44900,29.0,11.0,8.1,5.4,
2018-12-04 20:23:00,1.583,2.255,50.5,5.9,44900,29.0,11.0,8.1,5.4,
2018-12-04 20:24:00,1.582,2.253,50.5,5.9,44900,29.0,11.0,8.1,5.3,
2018-12-04 20:25:00,1.581,2.252,50.5,5.9,44900,29.0,11.0,8.1,5.3,
2018-12-04 20:26:00,1.581,2.248,50.5,5.9,44900,29.0,11.0,8.1,5.3,
2018-12-04 20:27:00,1.583,2.241,50.5,5.9,44900,29.0,11.0,8.1,5.3,
2018-12-04 20:28:00,1.583,2.248,50.5,5.9,44900,29.0,11.0,8.1,5.3,
2018-12-04 20:29:00,1.584,2.254,50.5,5.9,44900,29.0,11.0,8.1,5.3,
2018-12-04 20:30:00,1.584,2.251,50.5,5.9,44900,29.0,11.0,8.1,5.2,
2018-12-04 20:31:00,1.586,2.254,50.5,5.9,44900,29.0,11.0,8.1,5.2,
2018-12-04 20:32:00,1.584,2.256,50.5,5.9,44900,29.0,11.0,8.1,5.2,
2018-12-04 20:33:00,1.584,2.244,50.5,5.9,44900,29.0,11.0,8.1,5.2,
2018-12-04 20:34:00,1.585,2.238,50.5,5.9,44900,29.0,11.0,8.1,5.2,
2018-12-04 20:35:00,1.584,2.234,50.5,5.9,44900,29.0,11.0,8.1,5.2,
2018-12-04 20:36:00,1.584,2.243,50.5,5.8,44900,29.0,11.0,8.1,5.2,
2018-12-04 20:37:00,1.583,2.245,50.5,5.8,44900,29.0,11.0,8.1,5.2,
2018-12-04 20:38:00,1.583,2.241,50.5,5.8,44900,29.0,11.0,8.1,5.2,
2018-12-04 20:39:00,1.584,2.242,50.5,5.8,44900,29.0,11.0,8.1,5.2,
2018-12-04 20:40:00,1.585,2.243,50.5,5.8,44900,29.0,11.0,8.1,5.2,
2018-12-04 20:41:00,1.584,2.241,50.5,5.8,44900,29.0,11.0,8.1,5.2,
2018-12-04 20:42:00,1.583,2.234,50.5,5.8,44900,29.0,11.0,8.1,5.3,
2018-12-04 20:43:00,1.582,2.235,50.5,5.8,44900,29.0,11.0,8.1,5.3,
2018-12-04 20:44:00,1.583,2.236,50.5,5.8,44900,29.0,11.0,8.1,5.3,
2018-12-04 20:45:00,1.584,2.235,50.5,5.8,44900,29.0,11.0,8.1,5.3,
2018-12-04 20:46:00,1.585,2.243,50.5,5.8,44900,29.0,11.0,8.1,5.3,
2018-12-04 20:47:00,1.585,2.243,50.5,5.8,44900,29.0,11.0,8.1,5.3,
2018-12-04 20:48:00,1.584,2.248,50.5,5.8,44900,29.0,11.0,8.1,5.3,
2018-12-04 20:49:00,1.586,2.249,50.5,5.8,44900,29.0,11.0,8.1,5.3,
2018-12-04 20:50:00,1.589,2.246,50.5,5.8,44900,29.0,11.0,8.1,5.3,
2018-12-04 20:51:00,1.59,2.237,50.5,5.8,44900,29.0,11.0,8.1,5.3,
2018-12-04 20:52:00,1.589,2.235,50.5,5.8,44900,29.0,11.0,8.1,5.3,
2018-12-04 20:53:00,1.591,2.234,50.5,5.8,44900,29.0,11.0,8.1,5.3,
2018-12-04 20:54:00,1.591,2.239,50.5,5.8,44900,29.0,10.9,8.1,5.2,
2018-12-04 20:55:00,1.592,2.242,50.5,5.8,44900,29.0,10.9,8.1,5.2,
2018-12-04 20:56:00,1.592,2.245,50.5,5.8,44900,29.0,10.9,8.1,5.2,
2018-12-04 20:57:00,1.592,2.241,50.5,5.8,44900,29.0,10.9,8.1,5.2,
2018-12-04 20:58:00,1.592,2.24,50.5,5.8,44900,29.0,10.9,8.1,5.2,
2018-12-04 20:59:00,1.591,2.238,50.5,5.8,44900,29.0,10.9,8.1,5.2,
2018-12-04 21:00:00,1.593,2.233,50.5,5.8,44900,29.0,10.9,8.1,5.2,
2018-12-04 21:01:00,1.595,2.244,50.5,5.8,44900,29.0,10.9,8.1,5.2,
2018-12-04 21:02:00,1.593,2.249,50.5,5.8,44900,29.0,10.9,8.1,5.2,
2018-12-04 21:03:00,1.592,2.249,50.5,5.8,44900,29.0,10.9,8.1,5.2,
2018-12-04 21:04:00,1.592,2.249,50.5,5.8,44900,29.0,10.9,8.1,5.2,
2018-12-04 21:05:00,1.593,2.244,50.5,5.8,44900,29.0,10.9,8.1,5.2,
2018-12-04 21:06:00,1.595,2.243,50.5,5.8,44900,29.0,11.0,8.1,5.2,
2018-12-04 21:07:00,1.595,2.228,50.5,5.8,44900,29.0,11.0,8.1,5.2,
2018-12-04 21:08:00,1.595,2.223,50.5,5.8,44900,29.0,11.0,8.1,5.2,
2018-12-04 21:09:00,1.594,2.222,50.5,5.8,44900,29.0,11.0,8.1,5.2,
2018-12-04 21:10:00,1.595,2.213,50.5,5.8,44900,29.0,11.0,8.1,5.2,
2018-12-04 21:11:00,1.594,2.207,50.5,5.8,44900,29.0,11.0,8.1,5.2,
2018-12-04 21:12:00,1.593,2.214,50.5,5.8,44900,29.0,10.9,8.1,5.2,
2018-12-04 21:13:00,1.594,2.23,50.5,5.8,44900,29.0,10.9,8.1,5.2,
2018-12-04 21:14:00,1.594,2.244,50.5,5.8,44900,29.0,10.9,8.1,5.2,
2018-12-04 21:15:00,1.593,2.244,50.5,5.8,44900,29.0,10.9,8.1,5.2,
2018-12-04 21:16:00,1.592,2.251,50.5,5.8,44900,29.0,10.9,8.1,5.2,
2018-12-04 21:17:00,1.593,2.258,50.5,5.8,44900,29.0,10.9,8.1,5.2,
2018-12-04 21:18:00,1.594,2.252,50.5,5.7,44900,29.0,11.0,8.1,5.1,
2018-12-04 21:19:00,1.593,2.248,50.5,5.7,44900,29.0,11.0,8.1,5.1,
2018-12-04 21:20:00,1.593,2.25,50.5,5.7,44900,29.0,11.0,8.1,5.1,
2018-12-04 21:21:00,1.591,2.251,50.5,5.7,44900,29.0,11.0,8.1,5.1,
2018-12-04 21:22:00,1.591,2.256,50.5,5.7,44900,29.0,11.0,8.1,5.1,
2018-12-04 21:23:00,1.591,2.251,50.5,5.7,44900,29.0,11.0,8.1,5.1,
2018-12-04 21:24:00,1.59,2.243,50.5,5.7,44900,29.0,10.9,8.1,5.1,
2018-12-04 21:25:00,1.591,2.244,50.5,5.7,44900,29.0,10.9,8.1,5.1,
2018-12-04 21:26:00,1.59,2.249,50.5,5.7,44900,29.0,10.9,8.1,5.1,
2018-12-04 21:27:00,1.592,2.252,50.5,5.7,44900,29.0,10.9,8.1,5.1,
2018-12-04 21:28:00,1.593,2.251,50.5,5.7,44900,29.0,10.9,8.1,5.1,
2018-12-04 21:29:00,1.592,2.252,50.5,5.7,44900,29.0,10.9,8.1,5.1,
2018-12-04 21:30:00,1.589,2.245,50.5,5.7,44900,29.0,11.0,8.1,5.1,
2018-12-04 21:31:00,1.592,2.246,50.5,5.7,44900,29.0,11.0,8.1,5.1,
2018-12-04 21:32:00,1.593,2.254,50.5,5.7,44900,29.0,11.0,8.1,5.1,
2018-12-04 21:33:00,1.592,2.251,50.5,5.7,44900,29.0,11.0,8.1,5.1,
2018-12-04 21:34:00,1.593,2.255,50.5,5.7,44900,29.0,11.0,8.1,5.1,
2018-12-04 21:35:00,1.591,2.247,50.5,5.7,44900,29.0,11.0,8.1,5.1,
2018-12-04 21:36:00,1.594,2.24,50.5,5.7,44800,29.0,10.9,8.1,5.1,
2018-12-04 21:37:00,1.595,2.236,50.5,5.7,44800,29.0,10.9,8.1,5.1,
2018-12-04 21:38:00,1.594,2.242,50.5,5.7,44800,29.0,10.9,8.1,5.1,
2018-12-04 21:39:00,1.593,2.237,50.5,5.7,44800,29.0,10.9,8.1,5.1,
2018-12-04 21:40:00,1.593,2.232,50.5,5.7,44800,29.0,10.9,8.1,5.1,
2018-12-04 21:41:00,1.593,2.227,50.5,5.7,44800,29.0,10.9,8.1,5.1,
2018-12-04 21:42:00,1.595,2.224,50.5,5.7,44800,29.0,10.9,8.1,5.1,
2018-12-04 21:43:00,1.595,2.217,50.5,5.7,44800,29.0,10.9,8.1,5.1,
2018-12-04 21:44:00,1.596,2.217,50.5,5.7,44800,29.0,10.9,8.1,5.1,
2018-12-04 21:45:00,1.596,2.214,50.5,5.7,44800,29.0,10.9,8.1,5.1,
2018-12-04 21:46:00,1.598,2.21,50.5,5.7,44800,29.0,10.9,8.1,5.1,
2018-12-04 21:47:00,1.597,2.205,50.5,5.7,44800,29.0,10.9,8.1,5.1,
2018-12-04 21:48:00,1.595,2.208,50.5,5.6,44800,29.0,11.0,8.1,8.7,
2018-12-04 21:49:00,1.596,2.229,50.5,5.6,44800,29.0,11.0,8.1,8.7,
2018-12-04 21:50:00,1.598,2.229,50.5,5.6,44800,29.0,11.0,8.1,8.7,
2018-12-04 21:51:00,1.595,2.227,50.5,5.6,44800,29.0,11.0,8.1,8.7,
2018-12-04 21:52:00,1.595,2.229,50.5,5.6,44800,29.0,11.0,8.1,8.7,
2018-12-04 21:53:00,1.597,2.229,50.5,5.6,44800,29.0,11.0,8.1,8.7,
2018-12-04 21:54:00,1.599,2.23,50.5,5.6,44800,29.0,11.0,8.1,5.1,
2018-12-04 21:55:00,1.598,2.231,50.5,5.6,44800,29.0,11.0,8.1,5.1,
2018-12-04 21:56:00,1.597,2.23,50.5,5.6,44800,29.0,11.0,8.1,5.1,
2018-12-04 21:57:00,1.596,2.213,50.5,5.6,44800,29.0,11.0,8.1,5.1,
2018-12-04 21:58:00,1.596,2.223,50.5,5.6,44800,29.0,11.0,8.1,5.1,
2018-12-04 21:59:00,1.598,2.224,50.5,5.6,44800,29.0,11.0,8.1,5.1,
2018-12-04 22:00:00,1.595,2.226,50.5,5.6,44800,29.0,10.9,8.1,5.2,
2018-12-04 22:01:00,1.594,2.229,50.4,5.6,44800,29.0,10.9,8.1,5.2,
2018-12-04 22:02:00,1.595,2.232,50.4,5.6,44800,29.0,10.9,8.1,5.2,
2018-12-04 22:03:00,1.597,2.224,50.4,5.6,44800,29.0,10.9,8.1,5.2,
2018-12-04 22:04:00,1.598,2.222,50.4,5.6,44800,29.0,10.9,8.1,5.2,
2018-12-04 22:05:00,1.598,2.223,50.4,5.6,44800,29.0,10.9,8.1,5.2,
2018-12-04 22:06:00,1.596,2.225,50.4,5.6,44800,29.0,11.0,8.1,5.1,
2018-12-04 22:07:00,1.596,2.232,50.4,5.6,44800,29.0,11.0,8.1,5.1,
2018-12-04 22:08:00,1.596,2.237,50.5,5.6,44800,29.0,11.0,8.1,5.1,
2018-12-04 22:09:00,1.596,2.231,50.5,5.6,44800,29.0,11.0,8.1,5.1,
2018-12-04 22:10:00,1.597,2.237,50.5,5.6,44800,29.0,11.0,8.1,5.1,
2018-12-04 22:11:00,1.597,2.247,50.5,5.6,44800,29.0,11.0,8.1,5.1,
2018-12-04 22:12:00,1.597,2.251,50.4,5.6,44800,29.0,11.0,8.1,5.2,
2018-12-04 22:13:00,1.596,2.245,50.4,5.6,44800,29.0,11.0,8.1,5.2,
2018-12-04 22:14:00,1.597,2.248,50.4,5.6,44800,29.0,11.0,8.1,5.2,
2018-12-04 22:15:00,1.596,2.248,50.4,5.6,44800,29.0,11.0,8.1,5.2,
2018-12-04 22:16:00,1.597,2.259,50.4,5.6,44800,29.0,11.0,8.1,5.2,
2018-12-04 22:17:00,1.595,2.26,50.4,5.6,44800,29.0,11.0,8.1,5.2,
2018-12-04 22:18:00,1.595,2.248,50.4,5.6,44800,29.0,10.9,8.1,5.2,
2018-12-04 22:19:00,1.598,2.237,50.4,5.6,44800,29.0,10.9,8.1,5.2,
2018-12-04 22:20:00,1.598,2.238,50.4,5.6,44800,29.0,10.9,8.1,5.2,
2018-12-04 22:21:00,1.597,2.224,50.4,5.6,44800,29.0,10.9,8.1,5.2,
2018-12-04 22:22:00,1.598,2.217,50.4,5.6,44800,29.0,10.9,8.1,5.2,
2018-12-04 22:23:00,1.597,2.223,50.4,5.6,44800,29.0,10.9,8.1,5.2,
2018-12-04 22:24:00,1.597,2.225,50.4,5.6,44800,29.0,10.9,8.1,5.3,
2018-12-04 22:25:00,1.598,2.228,50.4,5.6,44800,29.0,10.9,8.1,5.3,
2018-12-04 22:26:00,1.597,2.227,50.4,5.6,44800,29.0,10.9,8.1,5.3,
2018-12-04 22:27:00,1.598,2.227,50.4,5.6,44800,29.0,10.9,8.1,5.3,
2018-12-04 22:28:00,1.597,2.224,50.4,5.6,44800,29.0,10.9,8.1,5.3,
2018-12-04 22:29:00,1.596,2.213,50.4,5.6,44800,29.0,10.9,8.1,5.3,
2018-12-04 22:30:00,1.596,2.211,50.4,5.6,44800,29.0,10.9,8.1,5.2,
2018-12-04 22:31:00,1.597,2.208,50.4,5.6,44800,29.0,10.9,8.1,5.2,
2018-12-04 22:32:00,1.597,2.203,50.4,5.6,44800,29.0,10.9,8.1,5.2,
2018-12-04 22:33:00,1.595,2.2,50.4,5.6,44800,29.0,10.9,8.1,5.2,
2018-12-04 22:34:00,1.594,2.196,50.4,5.6,44800,29.0,10.9,8.1,5.2,
2018-12-04 22:35:00,1.594,2.204,50.4,5.6,44800,29.0,10.9,8.1,5.2,
2018-12-04 22:36:00,1.595,2.2,50.4,5.6,44900,29.0,10.9,8.1,5.5,
2018-12-04 22:37:00,1.596,2.198,50.4,5.6,44900,29.0,10.9,8.1,5.5,
2018-12-04 22:38:00,1.596,2.197,50.4,5.6,44900,29.0,10.9,8.1,5.5,
2018-12-04 22:39:00,1.597,2.202,50.4,5.6,44900,29.0,10.9,8.1,5.5,
2018-12-04 22:40:00,1.597,2.214,50.4,5.6,44900,29.0,10.9,8.1,5.5,
2018-12-04 22:41:00,1.595,2.218,50.4,5.6,44900,29.0,10.9,8.1,5.5,
2018-12-04 22:42:00,1.595,2.221,50.4,5.6,44800,29.0,11.0,8.1,5.2,
2018-12-04 22:43:00,1.598,2.223,50.4,5.6,44800,29.0,11.0,8.1,5.2,
2018-12-04 22:44:00,1.597,2.226,50.4,5.6,44800,29.0,11.0,8.1,5.2,
2018-12-04 22:45:00,1.599,2.227,50.4,5.6,44800,29.0,11.0,8.1,5.2,
2018-12-04 22:46:00,1.597,2.225,50.4,5.6,44800,29.0,11.0,8.1,5.2,
2018-12-04 22:47:00,1.598,2.222,50.4,5.6,44800,29.0,11.0,8.1,5.2,
2018-12-04 22:48:00,1.597,2.216,50.4,5.6,44900,29.0,10.9,8.1,5.3,
2018-12-04 22:49:00,1.597,2.207,50.4,5.6,44900,29.0,10.9,8.1,5.3,
2018-12-04 22:50:00,1.598,2.198,50.4,5.6,44900,29.0,10.9,8.1,5.3,
2018-12-04 22:51:00,1.597,2.197,50.4,5.6,44900,29.0,10.9,8.1,5.3,
2018-12-04 22:52:00,1.596,2.2,50.4,5.6,44900,29.0,10.9,8.1,5.3,
2018-12-04 22:53:00,1.597,2.206,50.4,5.6,44900,29.0,10.9,8.1,5.3,
2018-12-04 22:54:00,1.597,2.211,50.4,5.6,44800,29.0,10.9,8.1,5.3,
2018-12-04 22:55:00,1.598,2.205,50.4,5.6,44800,29.0,10.9,8.1,5.3,
2018-12-04 22:56:00,1.599,2.202,50.4,5.6,44800,29.0,10.9,8.1,5.3,
2018-12-04 22:57:00,1.597,2.206,50.4,5.6,44800,29.0,10.9,8.1,5.3,
2018-12-04 22:58:00,1.596,2.203,50.4,5.6,44800,29.0,10.9,8.1,5.3,
2018-12-04 22:59:00,1.596,2.203,50.4,5.6,44800,29.0,10.9,8.1,5.3,
2018-12-04 23:00:00,1.599,2.214,50.4,5.6,44900,29.0,11.0,8.1,5.1,
2018-12-04 23:01:00,1.599,2.215,50.4,5.6,44900,29.0,11.0,8.1,5.1,
2018-12-04 23:02:00,1.599,2.211,50.4,5.6,44900,29.0,11.0,8.1,5.1,
2018-12-04 23:03:00,1.597,2.212,50.4,5.6,44900,29.0,11.0,8.1,5.1,
2018-12-04 23:04:00,1.598,2.21,50.4,5.6,44900,29.0,11.0,8.1,5.1,
2018-12-04 23:05:00,1.599,2.213,50.4,5.6,44900,29.0,11.0,8.1,5.1,
2018-12-04 23:06:00,1.599,2.209,50.4,5.6,44900,29.0,10.9,8.1,5.1,
2018-12-04 23:07:00,1.597,2.216,50.4,5.6,44900,29.0,10.9,8.1,5.1,
2018-12-04 23:08:00,1.598,2.228,50.4,5.6,44900,29.0,10.9,8.1,5.1,
2018-12-04 23:09:00,1.598,2.23,50.4,5.6,44900,29.0,10.9,8.1,5.1,
2018-12-04 23:10:00,1.599,2.226,50.4,5.6,44900,29.0,10.9,8.1,5.1,
2018-12-04 23:11:00,1.599,2.204,50.4,5.6,44900,29.0,10.9,8.1,5.1,
2018-12-04 23:12:00,1.599,2.202,50.4,5.6,44800,29.0,10.9,8.1,5.3,
2018-12-04 23:13:00,1.6,2.199,50.4,5.6,44800,29.0,10.9,8.1,5.3,
2018-12-04 23:14:00,1.6,2.189,50.4,5.6,44800,29.0,10.9,8.1,5.3,
2018-12-04 23:15:00,1.599,2.187,50.4,5.6,44800,29.0,10.9,8.1,5.3,
2018-12-04 23:16:00,1.6,2.182,50.4,5.6,44800,29.0,10.9,8.1,5.3,
2018-12-04 23:17:00,1.601,2.186,50.4,5.6,44800,29.0,10.9,8.1,5.3,
2018-12-04 23:18:00,1.599,2.195,50.4,5.6,44800,29.0,10.9,8.1,5.1,
2018-12-04 23:19:00,1.599,2.201,50.4,5.6,44800,29.0,10.9,8.1,5.1,
2018-12-04 23:20:00,1.6,2.203,50.4,5.6,44800,29.0,10.9,8.1,5.1,
2018-12-04 23:21:00,1.599,2.199,50.4,5.6,44800,29.0,10.9,8.1,5.1,
2018-12-04 23:22:00,1.598,2.203,50.4,5.6,44800,29.0,10.9,8.1,5.1,
2018-12-04 23:23:00,1.598,2.206,50.4,5.6,44800,29.0,10.9,8.1,5.1,
2018-12-04 23:24:00,1.599,2.214,50.4,5.5,44900,29.0,10.9,8.1,5.2,
2018-12-04 23:25:00,1.599,2.214,50.4,5.5,44900,29.0,10.9,8.1,5.2,
2018-12-04 23:26:00,1.6,2.207,50.4,5.5,44900,29.0,10.9,8.1,5.2,
2018-12-04 23:27:00,1.6,2.212,50.4,5.5,44900,29.0,10.9,8.1,5.2,
2018-12-04 23:28:00,1.599,2.212,50.4,5.5,44900,29.0,10.9,8.1,5.2,
2018-12-04 23:29:00,1.598,2.216,50.4,5.5,44900,29.0,10.9,8.1,5.2,
2018-12-04 23:30:00,1.6,2.217,50.4,5.5,44800,29.0,10.9,8.1,5.4,
2018-12-04 23:31:00,1.599,2.207,50.4,5.5,44800,29.0,10.9,8.1,5.4,
2018-12-04 23:32:00,1.6,2.209,50.4,5.5,44800,29.0,10.9,8.1,5.4,
2018-12-04 23:33:00,1.599,2.204,50.4,5.5,44800,29.0,10.9,8.1,5.4,
2018-12-04 23:34:00,1.6,2.215,50.4,5.5,44800,29.0,10.9,8.1,5.4,
2018-12-04 23:35:00,1.6,2.227,50.4,5.5,44800,29.0,10.9,8.1,5.4,
2018-12-04 23:36:00,1.6,2.23,50.4,5.5,44800,29.0,11.0,8.1,5.1,
2018-12-04 23:37:00,1.601,2.238,50.4,5.5,44800,29.0,11.0,8.1,5.1,
2018-12-04 23:38:00,1.601,2.234,50.4,5.5,44800,29.0,11.0,8.1,5.1,
2018-12-04 23:39:00,1.601,2.221,50.4,5.5,44800,29.0,11.0,8.1,5.1,
2018-12-04 23:40:00,1.602,2.217,50.4,5.5,44800,29.0,11.0,8.1,5.1,
2018-12-04 23:41:00,1.602,2.213,50.4,5.5,44800,29.0,11.0,8.1,5.1,
2018-12-04 23:42:00,1.6,2.201,50.4,5.5,44800,29.0,10.9,8.1,5.2,
2018-12-04 23:43:00,1.601,2.217,50.3,5.5,44800,29.0,10.9,8.1,5.2,
2018-12-04 23:44:00,1.6,2.239,50.3,5.5,44800,29.0,10.9,8.1,5.2,
2018-12-04 23:45:00,1.6,2.235,50.3,5.5,44800,29.0,10.9,8.1,5.2,
2018-12-04 23:46:00,1.6,2.228,50.3,5.5,44800,29.0,10.9,8.1,5.2,
2018-12-04 23:47:00,1.601,2.224,50.3,5.5,44800,29.0,10.9,8.1,5.2,
2018-12-04 23:48:00,1.601,2.218,50.3,5.5,44900,29.0,10.9,8.1,5.1,
2018-12-04 23:49:00,1.6,2.206,50.3,5.5,44900,29.0,10.9,8.1,5.1,
2018-12-04 23:50:00,1.6,2.202,50.3,5.5,44900,29.0,10.9,8.1,5.1,
2018-12-04 23:51:00,1.599,2.201,50.3,5.5,44900,29.0,10.9,8.1,5.1,
2018-12-04 23:52:00,1.6,2.195,50.3,5.5,44900,29.0,10.9,8.1,5.1,
2018-12-04 23:53:00,1.6,2.183,50.3,5.5,44900,29.0,10.9,8.1,5.1,
2018-12-04 23:54:00,1.6,2.181,50.3,5.5,44800,29.0,10.9,8.1,5.1,
2018-12-04 23:55:00,1.6,2.189,50.3,5.5,44800,29.0,10.9,8.1,5.1,
2018-12-04 23:56:00,1.602,2.188,50.3,5.5,44800,29.0,10.9,8.1,5.1,
2018-12-04 23:57:00,1.601,2.188,50.3,5.5,44800,29.0,10.9,8.1,5.1,
2018-12-04 23:58:00,1.601,2.187,50.3,5.5,44800,29.0,10.9,8.1,5.1,
2018-12-04 23:59:00,1.601,2.183,50.3,5.5,44800,29.0,10.9,8.1,5.1,
2018-12-05 00:00:00,1.602,2.179,50.3,5.4,44800,29.0,11.0,8.1,5.1,
2018-12-05 00:01:00,1.602,2.181,50.3,5.4,44800,29.0,11.0,8.1,5.1,
2018-12-05 00:02:00,1.604,2.179,50.3,5.4,44800,29.0,11.0,8.1,5.1,
2018-12-05 00:03:00,1.604,2.182,50.3,5.4,44800,29.0,11.0,8.1,5.1,
2018-12-05 00:04:00,1.607,2.184,50.3,5.4,44800,29.0,11.0,8.1,5.1,
2018-12-05 00:05:00,1.606,2.19,50.3,5.4,44800,29.0,11.0,8.1,5.1,
2018-12-05 00:06:00,1.606,2.184,50.3,5.4,44800,29.0,10.9,8.1,5.1,
2018-12-05 00:07:00,1.607,2.173,50.3,5.4,44800,29.0,10.9,8.1,5.1,
2018-12-05 00:08:00,1.606,2.175,50.3,5.4,44800,29.0,10.9,8.1,5.1,
2018-12-05 00:09:00,1.607,2.172,50.3,5.4,44800,29.0,10.9,8.1,5.1,
2018-12-05 00:10:00,1.607,2.174,50.3,5.4,44800,29.0,10.9,8.1,5.1,
2018-12-05 00:11:00,1.609,2.168,50.3,5.4,44800,29.0,10.9,8.1,5.1,
2018-12-05 00:12:00,1.61,2.168,50.3,5.4,44800,29.0,11.0,8.1,5.1,
2018-12-05 00:13:00,1.608,2.163,50.3,5.4,44800,29.0,11.0,8.1,5.1,
2018-12-05 00:14:00,1.612,2.161,50.3,5.4,44800,29.0,11.0,8.1,5.1,
2018-12-05 00:15:00,1.612,2.179,50.3,5.4,44800,29.0,11.0,8.1,5.1,
2018-12-05 00:16:00,1.611,2.181,50.3,5.4,44800,29.0,11.0,8.1,5.1,
2018-12-05 00:17:00,1.616,2.186,50.3,5.4,44800,29.0,11.0,8.1,5.1,
2018-12-05 00:18:00,1.616,2.189,50.3,5.4,44800,29.0,11.0,8.1,5.3,
2018-12-05 00:19:00,1.616,2.19,50.3,5.4,44800,29.0,11.0,8.1,5.3,
2018-12-05 00:20:00,1.618,2.188,50.4,5.4,44800,29.0,11.0,8.1,5.3,
2018-12-05 00:21:00,1.617,2.179,50.4,5.4,44800,29.0,11.0,8.1,5.3,
2018-12-05 00:22:00,1.615,2.177,50.4,5.4,44800,29.0,11.0,8.1,5.3,
2018-12-05 00:23:00,1.613,2.178,50.4,5.4,44800,29.0,11.0,8.1,5.3,
2018-12-05 00:24:00,1.617,2.175,50.4,5.4,44800,29.0,11.0,8.1,5.2,
2018-12-05 00:25:00,1.617,2.171,50.4,5.4,44800,29.0,11.0,8.1,5.2,
2018-12-05 00:26:00,1.617,2.174,50.4,5.4,44800,29.0,11.0,8.1,5.2,
2018-12-05 00:27:00,1.616,2.178,50.4,5.4,44800,29.0,11.0,8.1,5.2,
2018-12-05 00:28:00,1.616,2.185,50.4,5.4,44800,29.0,11.0,8.1,5.2,
2018-12-05 00:30:00,1.615,2.186,50.4,5.4,44800,29.0,10.9,8.1,5.1,
